{
    "epoch_loss": {
        "type": "index_value",
        "index": [
            1,
            2,
            3,
            4,
            5,
            6,
            7,
            8,
            9,
            10,
            11,
            12,
            13,
            14,
            15,
            16,
            17,
            18,
            19,
            20,
            21,
            22,
            23,
            24,
            25,
            26,
            27,
            28,
            29,
            30,
            31,
            32,
            33,
            34,
            35,
            36,
            37,
            38,
            39,
            40,
            41,
            42,
            43,
            44,
            45,
            46,
            47,
            48,
            49,
            50,
            51,
            52,
            53,
            54,
            55,
            56,
            57,
            58,
            59,
            60,
            61,
            62,
            63,
            64,
            65,
            66,
            67,
            68,
            69,
            70,
            71,
            72,
            73,
            74,
            75,
            76,
            77,
            78,
            79,
            80,
            81,
            82,
            83,
            84,
            85,
            86,
            87,
            88,
            89,
            90,
            91,
            92,
            93,
            94,
            95,
            96,
            97,
            98,
            99,
            100
        ],
        "value": [
            3.271229386329651,
            5.9332826137542725,
            4.862311363220215,
            4.355485796928406,
            3.145175576210022,
            2.6646722555160522,
            2.5228484869003296,
            2.339720368385315,
            1.732956886291504,
            1.8739987015724182,
            1.7664323449134827,
            1.7944135069847107,
            1.550144374370575,
            1.5087445378303528,
            1.3063061237335205,
            1.4015161395072937,
            1.4456382989883423,
            1.1908039450645447,
            1.1362265050411224,
            1.0241540968418121,
            1.0877130627632141,
            1.037224531173706,
            0.8550811409950256,
            0.8723160326480865,
            0.8078381717205048,
            0.8003068566322327,
            0.6886791884899139,
            0.639379620552063,
            0.6349515616893768,
            0.5499520301818848,
            0.573357343673706,
            0.5042915344238281,
            0.47552093863487244,
            0.44621196389198303,
            0.4172559231519699,
            0.3942634016275406,
            0.36783257126808167,
            0.3414308577775955,
            0.3228251338005066,
            0.29619307816028595,
            0.29418452084064484,
            0.2606346011161804,
            0.27045372128486633,
            0.23363806307315826,
            0.21850956976413727,
            0.20558784157037735,
            0.1856861189007759,
            0.17468635737895966,
            0.16562683135271072,
            0.19103626906871796,
            0.20165207237005234,
            0.1390732266008854,
            0.13016802817583084,
            0.1407640501856804,
            0.11656417325139046,
            0.1381264626979828,
            0.12174368277192116,
            0.11079266667366028,
            0.11855495721101761,
            0.12169831246137619,
            0.14102653041481972,
            0.13112259283661842,
            0.0905967466533184,
            0.10038737207651138,
            0.08030373975634575,
            0.08452540077269077,
            0.06671992503106594,
            0.06030508875846863,
            0.049212392419576645,
            0.05786812864243984,
            0.0422633308917284,
            0.04141456075012684,
            0.05924231559038162,
            0.06778551265597343,
            0.037377649918198586,
            0.03045189380645752,
            0.02837915625423193,
            0.0289570027962327,
            0.028735032305121422,
            0.02030879817903042,
            0.026802878826856613,
            0.024772861041128635,
            0.017625167965888977,
            0.01886348519474268,
            0.015917650423943996,
            0.013814675156027079,
            0.012540420517325401,
            0.012846478261053562,
            0.01214531622827053,
            0.011923874262720346,
            0.011616356205195189,
            0.009865305852144957,
            0.011013499461114407,
            0.009126405231654644,
            0.008483044803142548,
            0.009029236389324069,
            0.008639128878712654,
            0.007764341775327921,
            0.007649275241419673,
            0.007129420526325703
        ]
    },
    "train_oa": {
        "type": "index_value",
        "index": [
            10,
            20,
            30,
            40,
            50,
            60,
            70,
            80,
            90,
            100
        ],
        "value": [
            13.831978319783197,
            29.224932249322492,
            55.84823848238483,
            54.75338753387534,
            28.780487804878046,
            29.149051490514903,
            69.91869918699187,
            80.31436314363144,
            90.29810298102981,
            90.38482384823848
        ]
    },
    "train_aa": {
        "type": "index_value",
        "index": [
            10,
            20,
            30,
            40,
            50,
            60,
            70,
            80,
            90,
            100
        ],
        "value": [
            7.29920757201592,
            23.880038359421924,
            56.97857603088053,
            57.474949427415126,
            34.48990018759637,
            33.32416934843655,
            65.14083268365403,
            76.83305878236477,
            84.193720561302,
            84.5869395825267
        ]
    },
    "train_kappa": {
        "type": "index_value",
        "index": [
            10,
            20,
            30,
            40,
            50,
            60,
            70,
            80,
            90,
            100
        ],
        "value": [
            2.006849382068543,
            22.31516023468575,
            50.97935354301968,
            49.696766286103276,
            23.281966420100286,
            23.381111373787622,
            66.00459079370953,
            77.6490625850663,
            88.92678874399115,
            89.03095116151007
        ]
    },
    "param": {
        "data": {
            "data_sign": "Indian",
            "diffusion_sign": false,
            "patch_size": 9,
            "test_ratio": 0.9,
            "batch_size": 512,
            "num_classes": 16,
            "pca": 0,
            "spectral_size": 200
        },
        "net": {
            "trainer": "conv2d"
        },
        "train": {
            "epochs": 100,
            "lr": 0.01,
            "weight_decay": 0
        }
    },