{
    "epoch_loss": {
        "type": "index_value",
        "index": [
            1,
            2,
            3,
            4,
            5,
            6,
            7,
            8,
            9,
            10,
            11,
            12,
            13,
            14,
            15,
            16,
            17,
            18,
            19,
            20,
            21,
            22,
            23,
            24,
            25,
            26,
            27,
            28,
            29,
            30,
            31,
            32,
            33,
            34,
            35,
            36,
            37,
            38,
            39,
            40,
            41,
            42,
            43,
            44,
            45,
            46,
            47,
            48,
            49,
            50,
            51,
            52,
            53,
            54,
            55,
            56,
            57,
            58,
            59,
            60,
            61,
            62,
            63,
            64,
            65,
            66,
            67,
            68,
            69,
            70,
            71,
            72,
            73,
            74,
            75,
            76,
            77,
            78,
            79,
            80,
            81,
            82,
            83,
            84,
            85,
            86,
            87,
            88,
            89,
            90,
            91,
            92,
            93,
            94,
            95,
            96,
            97,
            98,
            99,
            100
        ],
        "value": [
            2.3327403868562215,
            1.7003459181195093,
            1.4042117182964016,
            1.2540375987953256,
            1.1235576744244673,
            1.072062755392966,
            1.003592061615498,
            0.9509995904330725,
            0.9115266366582736,
            0.8697417605415324,
            0.849499105137293,
            0.8190878494760485,
            0.7980866268693845,
            0.7767751023232857,
            0.761761639073749,
            0.7458382807622419,
            0.7333878504928355,
            0.7143632465608905,
            0.7032636216731268,
            0.6992006556648072,
            0.7066533915529873,
            0.6725397517931921,
            0.6667484598216934,
            0.6475678882332204,
            0.6398333668232599,
            0.6399392541175517,
            0.6217596143603166,
            0.61787896221392,
            0.6049395930592452,
            0.5951754303969016,
            0.5977830890809173,
            0.5820333426706642,
            0.5727597236157098,
            0.5868554870869602,
            0.5900423961695279,
            0.5813767667140529,
            0.5496573879144163,
            0.5500816604427586,
            0.528466597774851,
            0.5304883833969639,
            0.521646885833791,
            0.5235937838548033,
            0.5165777858024272,
            0.5093136696459927,
            0.5030343602405248,
            0.5072487562934505,
            0.5026574750714867,
            0.5180748983642233,
            0.49415405866468,
            0.4984895489346013,
            0.48461960853336655,
            0.4779368488591774,
            0.47510039592074965,
            0.4632575637332291,
            0.47679534419557545,
            0.46188350337323114,
            0.460425284985061,
            0.47927093355062006,
            0.46331993971620195,
            0.4618049630233038,
            0.4496211082179759,
            0.44158201362099375,
            0.44493363351225057,
            0.4705575010906682,
            0.47339132356738917,
            0.48732244448560214,
            0.47022790649283264,
            0.44183368629685416,
            0.44512879161955354,
            0.4300663793452094,
            0.41385112431014426,
            0.41675647200344407,
            0.4139084803280278,
            0.4045660536632081,
            0.41497223446277104,
            0.4129072281317451,
            0.4099527957753716,
            0.4008012395327323,
            0.3971255579182057,
            0.4068023366394754,
            0.4024364103807432,
            0.3959370963821081,
            0.3842745199105076,
            0.3816888471656093,
            0.3767128121281432,
            0.3695470791920206,
            0.3732544902796434,
            0.3872654835250819,
            0.36313518850050974,
            0.3683906145165668,
            0.3630393587161952,
            0.3569327068233617,
            0.3481598706759721,
            0.3559434214698649,
            0.34854412062984014,
            0.34854774671134237,
            0.3497137817419004,
            0.3577285252620631,
            0.35300249928799515,
            0.3496412622944493
        ]
    },
    "train_oa": {
        "type": "index_value",
        "index": [
            10,
            20,
            30,
            40,
            50,
            60,
            70,
            80,
            90,
            100
        ],
        "value": [
            66.40792489095882,
            73.12781843719968,
            79.3080505655356,
            80.83093073113034,
            82.47948547349745,
            83.47009684335033,
            84.76380572188955,
            84.92644340947734,
            86.55282028535521,
            87.26251201301102
        ]
    },
    "train_aa": {
        "type": "index_value",
        "index": [
            10,
            20,
            30,
            40,
            50,
            60,
            70,
            80,
            90,
            100
        ],
        "value": [
            66.96888527549099,
            73.17730042161921,
            78.27767903021237,
            81.01150202567938,
            82.4527597414103,
            83.1379073453888,
            84.78456796561233,
            84.63676411638518,
            86.13657105896043,
            86.78733772885874
        ]
    },
    "train_kappa": {
        "type": "index_value",
        "index": [
            10,
            20,
            30,
            40,
            50,
            60,
            70,
            80,
            90,
            100
        ],
        "value": [
            63.61454291723652,
            70.89180962032194,
            77.58885448327793,
            79.24873050522805,
            81.0373213656883,
            82.1081459303569,
            83.51355311665502,
            83.68717339662402,
            85.44872804767186,
            86.21675132817629
        ]
    },
    "param": {
        "data": {
            "data_sign": "Houston",
            "diffusion_sign": false,
            "patch_size": 1,
            "test_ratio": 0.9,
            "batch_size": 512,
            "num_classes": 15,
            "pca": 0,
            "spectral_size": 144,
            "append_dim": true
        },
        "net": {
            "trainer": "conv1d"
        },
        "train": {
            "epochs": 100,
            "lr": 0.001,
            "weight_decay": 0
        }
    },