{
    "epoch_loss": {
        "type": "index_value",
        "index": [
            1,
            2,
            3,
            4,
            5,
            6,
            7,
            8,
            9,
            10,
            11,
            12,
            13,
            14,
            15,
            16,
            17,
            18,
            19,
            20,
            21,
            22,
            23,
            24,
            25,
            26,
            27,
            28,
            29,
            30,
            31,
            32,
            33,
            34,
            35,
            36,
            37,
            38,
            39,
            40,
            41,
            42,
            43,
            44,
            45,
            46,
            47,
            48,
            49,
            50,
            51,
            52,
            53,
            54,
            55,
            56,
            57,
            58,
            59,
            60,
            61,
            62,
            63,
            64,
            65,
            66,
            67,
            68,
            69,
            70,
            71,
            72,
            73,
            74,
            75,
            76,
            77,
            78,
            79,
            80,
            81,
            82,
            83,
            84,
            85,
            86,
            87,
            88,
            89,
            90,
            91,
            92,
            93,
            94,
            95,
            96,
            97,
            98,
            99,
            100
        ],
        "value": [
            24.56246855287514,
            12.446176627980726,
            8.320501644982796,
            4.794582464406081,
            2.9364560834577333,
            2.2177505055058018,
            1.246476018635157,
            1.1879893123865446,
            0.7408487693606299,
            0.5448006748676935,
            0.35911503029409325,
            0.3004083534809308,
            0.25497943049820065,
            0.1695991000941844,
            0.12624164676658323,
            0.09522339944714078,
            0.07753850726011431,
            0.06434685552366247,
            0.0593978915011359,
            0.0452797339557014,
            0.03692392223128942,
            0.03418999026900284,
            0.029788038977353614,
            0.024491525442400245,
            0.027212862123781132,
            0.023252045966377272,
            0.019905448478265864,
            0.01873188389194869,
            0.01596730808726203,
            0.014477415650229798,
            0.014287304644102104,
            0.014727727865946595,
            0.016448410934757456,
            0.012054955215998163,
            0.01264117350094963,
            0.011126438561286256,
            0.010841084249843452,
            0.011416346837981008,
            0.010830674668930262,
            0.009347742244839351,
            0.008885121000273409,
            0.010639324363881595,
            0.007864573563680985,
            0.008158478215609624,
            0.0076237875297318364,
            0.007405643582656563,
            0.0067317544206103854,
            0.007307941267656264,
            0.007359852393054851,
            0.008928564946339547,
            0.007034355143305862,
            0.006551938414196676,
            0.00652745170407146,
            0.006186695925683061,
            0.006775775181499128,
            0.005200696831318573,
            0.005213986806938556,
            0.0052037120681409825,
            0.005136308890547896,
            0.005305571109552517,
            0.004789187271549762,
            0.00470004905419506,
            0.004341766723715632,
            0.004769420444087365,
            0.004216442017948699,
            0.004156665545398401,
            0.00402789872813072,
            0.004006897013748533,
            0.004059163392825268,
            0.0037667434538569493,
            0.00382809483380455,
            0.0035512040505004667,
            0.0035044075214315192,
            0.0036701323081938905,
            0.0032971998048541987,
            0.0032520833724090327,
            0.0033175662040869185,
            0.003664152892976106,
            0.0030827674569534795,
            0.0028462318493333583,
            0.0035450433594200726,
            0.0033616072026400093,
            0.0028001078188707048,
            0.002977659869083413,
            0.002957358084229651,
            0.0028683771428896407,
            0.0026864194535661475,
            0.0031261952719793774,
            0.002416383405619074,
            0.0026515827504310324,
            0.002586869969678802,
            0.0024841674640725124,
            0.0022695602110640385,
            0.0022799114469741377,
            0.0024123107823797473,
            0.002698197205316588,
            0.0022728108297463026,
            0.0023019254854328426,
            0.0021070127338840665,
            0.0020667037262535404
        ]
    },
    "train_oa": {
        "type": "index_value",
        "index": [
            10,
            20,
            30,
            40,
            50,
            60,
            70,
            80,
            90,
            100
        ],
        "value": [
            8.871146595697493,
            74.74680269091448,
            89.00717084349819,
            89.31026835218452,
            89.54683226140313,
            89.75382568196939,
            89.87210763657869,
            89.91646336955719,
            89.96081910253567,
            90.05692319065572
        ]
    },
    "train_aa": {
        "type": "index_value",
        "index": [
            10,
            20,
            30,
            40,
            50,
            60,
            70,
            80,
            90,
            100
        ],
        "value": [
            7.3040087428875,
            73.97538118123694,
            87.82269594690567,
            88.15937742636777,
            88.34306972413731,
            88.47164448268643,
            88.56088528199668,
            88.62328393019288,
            88.6423835316872,
            88.71949499627908
        ]
    },
    "train_kappa": {
        "type": "index_value",
        "index": [
            10,
            20,
            30,
            40,
            50,
            60,
            70,
            80,
            90,
            100
        ],
        "value": [
            0.6223607215422144,
            72.65977910114138,
            88.1044212654718,
            88.43358829312292,
            88.68932647685939,
            88.91307762885589,
            89.04099176310514,
            89.08922911725452,
            89.13719756634977,
            89.2411714691629
        ]
    },
    "param": {
        "data": {
            "data_sign": "Houston",
            "diffusion_sign": false,
            "patch_size": 9,
            "test_ratio": 0.9,
            "batch_size": 512,
            "num_classes": 15,
            "pca": 0,
            "spectral_size": 144,
            "append_dim": true
        },
        "net": {
            "trainer": "conv3d"
        },
        "train": {
            "epochs": 100,
            "lr": 0.001,
            "weight_decay": 0
        }
    },