{
    "epoch_loss": {
        "type": "index_value",
        "index": [
            1,
            2,
            3,
            4,
            5,
            6,
            7,
            8,
            9,
            10,
            11,
            12,
            13,
            14,
            15,
            16,
            17,
            18,
            19,
            20,
            21,
            22,
            23,
            24,
            25,
            26,
            27,
            28,
            29,
            30,
            31,
            32,
            33,
            34,
            35,
            36,
            37,
            38,
            39,
            40,
            41,
            42,
            43,
            44,
            45,
            46,
            47,
            48,
            49,
            50,
            51,
            52,
            53,
            54,
            55,
            56,
            57,
            58,
            59,
            60,
            61,
            62,
            63,
            64,
            65,
            66,
            67,
            68,
            69,
            70,
            71,
            72,
            73,
            74,
            75,
            76,
            77,
            78,
            79,
            80,
            81,
            82,
            83,
            84,
            85,
            86,
            87,
            88,
            89,
            90,
            91,
            92,
            93,
            94,
            95,
            96,
            97,
            98,
            99,
            100
        ],
        "value": [
            2.2601366138331263,
            0.9824569438808609,
            0.37330551449452515,
            0.15457421418195083,
            0.07085269475764981,
            0.04098391721394662,
            0.026800778705611844,
            0.019715098240046938,
            0.015458086320755881,
            0.012523952954648417,
            0.010448510370424362,
            0.008899153845159017,
            0.007703473824963033,
            0.006739880317963471,
            0.0059577305702003995,
            0.0053174758705740845,
            0.004781496932434933,
            0.004325803801151967,
            0.0039340949991839465,
            0.003598055541552554,
            0.003302973579149073,
            0.0030464718091027555,
            0.002816773004539698,
            0.0026164252401519312,
            0.0024370047085225267,
            0.0022740757329074465,
            0.0021285261929694923,
            0.0019977311309198843,
            0.0018770947916614271,
            0.0017681355256718718,
            0.0016683226397953006,
            0.0015774608368659207,
            0.0014935484812960782,
            0.0014164022871599434,
            0.001344983289408908,
            0.0012790572673910745,
            0.0012176172200468842,
            0.0011604931216362055,
            0.0011072725608830803,
            0.0010580515556258166,
            0.0010115563655247325,
            0.0009682925197744764,
            0.000927604511057767,
            0.0008892837657466699,
            0.0008533184452090268,
            0.0008196056919350982,
            0.0007877997239740359,
            0.00075752066348192,
            0.0007291424855343085,
            0.00070209975665021,
            0.0006767662896057926,
            0.0006524665739552208,
            0.0006295328891771622,
            0.0006078192309263137,
            0.0005872192887617858,
            0.0005673366086774527,
            0.0005486703628318238,
            0.0005306574431050831,
            0.0005135881980681437,
            0.0004973205896348664,
            0.00048172219533791963,
            0.0004668237714155189,
            0.00045263718261963847,
            0.00043893621200677033,
            0.0004259248579741913,
            0.00041337782203482734,
            0.00040135395143630004,
            0.00038981358668724753,
            0.0003787499098956694,
            0.00036805676575068054,
            0.000357841268555694,
            0.0003479745571678889,
            0.000338501689897307,
            0.0003294733625550825,
            0.00032064450565866937,
            0.0003121907908587869,
            0.0003040664778624261,
            0.00029615814474066556,
            0.0002886233538960897,
            0.00028128568128001855,
            0.00027422414828754077,
            0.00026739837050552016,
            0.00026077836410985135,
            0.00025441751936056866,
            0.00024823135866944155,
            0.00024227890301574536,
            0.00023650041112946606,
            0.00023090123170171399,
            0.000225493142928664,
            0.00022021737782106042,
            0.0002151150512555552,
            0.00021019796855572845,
            0.0002053828283776399,
            0.00020077292984580937,
            0.00019625466954897465,
            0.00019187817962954288,
            0.00018763561346617772,
            0.00018351673802032882,
            0.00017950854169021294,
            0.00017560864402664536
        ]
    },
    "train_oa": {
        "type": "index_value",
        "index": [
            10,
            20,
            30,
            40,
            50,
            60,
            70,
            80,
            90,
            100
        ],
        "value": [
            98.69150587713462,
            98.58061654468841,
            98.52147556738376,
            98.47711983440527,
            98.42537147926369,
            98.36623050195904,
            98.32187476898055,
            98.270126413839,
            98.21837805869743,
            98.21098543653434
        ]
    },
    "train_aa": {
        "type": "index_value",
        "index": [
            10,
            20,
            30,
            40,
            50,
            60,
            70,
            80,
            90,
            100
        ],
        "value": [
            98.77498784400773,
            98.66471000092099,
            98.58646613502987,
            98.53119645388855,
            98.4695961117568,
            98.3903120438784,
            98.3379343023705,
            98.26155935478495,
            98.18855611812812,
            98.1878635957336
        ]
    },
    "train_kappa": {
        "type": "index_value",
        "index": [
            10,
            20,
            30,
            40,
            50,
            60,
            70,
            80,
            90,
            100
        ],
        "value": [
            98.585402830298,
            98.46551226732481,
            98.4015562959329,
            98.35358892847961,
            98.29762885971644,
            98.2336733917392,
            98.18570992581068,
            98.1297389735968,
            98.0737734555763,
            98.06578062002625
        ]
    },
    "param": {
        "data": {
            "data_sign": "Houston",
            "diffusion_sign": true,
            "diffusion_data_sign_path_prefix": "../../data/houston_unet3d_patch16_without_downsample_kernal5_fix/save_feature",
            "diffusion_data_sign": "t10_2_full.pkl.npy",
            "patch_size": 15,
            "test_ratio": 0.9,
            "batch_size": 64,
            "num_classes": 15,
            "pca": 1200,
            "spectral_size": 1200
        },
        "net": {
            "trainer": "cross_trainer",
            "net_type": "just_pixel",
            "mlp_head_dim": 64,
            "depth": 5,
            "dim": 64,
            "conv3d_kernal_size": [
                3,
                3,
                3
            ],
            "conv3d_padding": [
                2,
                1,
                1
            ]
        },
        "train": {
            "epochs": 100,
            "lr": 0.001,
            "weight_decay": 0
        }
    },