{
    "epoch_loss": {
        "type": "index_value",
        "index": [
            1,
            2,
            3,
            4,
            5,
            6,
            7,
            8,
            9,
            10,
            11,
            12,
            13,
            14,
            15,
            16,
            17,
            18,
            19,
            20,
            21,
            22,
            23,
            24,
            25,
            26,
            27,
            28,
            29,
            30,
            31,
            32,
            33,
            34,
            35,
            36,
            37,
            38,
            39,
            40,
            41,
            42,
            43,
            44,
            45,
            46,
            47,
            48,
            49,
            50,
            51,
            52,
            53,
            54,
            55,
            56,
            57,
            58,
            59,
            60,
            61,
            62,
            63,
            64,
            65,
            66,
            67,
            68,
            69,
            70
        ],
        "value": [
            2.5208766942970287,
            1.6508469576841982,
            1.0640336071921093,
            0.9286925277602022,
            0.7149548607564639,
            0.6031490265926255,
            0.5304725563796001,
            0.43839883732890955,
            0.3790116246625999,
            0.35294462492399303,
            0.32097843872723025,
            0.27855556496926215,
            0.23889239828850076,
            0.22214166919258083,
            0.2277815370124761,
            0.17760276615857762,
            0.16864705550051562,
            0.13795897082863412,
            0.1396514243395446,
            0.13232525516445245,
            0.14548281967124038,
            0.12474934192257778,
            0.13013678399248224,
            0.10233328811893767,
            0.09494217764958243,
            0.08171529958791009,
            0.07492485157302153,
            0.08045483074000927,
            0.06900642978922822,
            0.06988795553042632,
            0.09737446863506828,
            0.09639256882088162,
            0.09112181737721363,
            0.07666341256047692,
            0.06796103714904518,
            0.059747616178821156,
            0.04848966258422989,
            0.05421907482507543,
            0.06210365960902761,
            0.05684513334785098,
            0.06969997509024273,
            0.07031556443074413,
            0.055397953773624255,
            0.04821771178419358,
            0.05471969819497491,
            0.03492534770252066,
            0.04008846124820163,
            0.0382203672046509,
            0.03687535976859606,
            0.03244820976513283,
            0.03416369547856632,
            0.03505815344350474,
            0.03332570715548195,
            0.03227316336917099,
            0.033679984787729544,
            0.031773896617554476,
            0.02843767368097042,
            0.01881380844861269,
            0.018942903556157843,
            0.016584879877454987,
            0.01589973250307272,
            0.022821823648423868,
            0.017791706395302014,
            0.013982732783998059,
            0.011805851196624665,
            0.013127999051601766,
            0.00960308339908104,
            0.009804631810332741,
            0.012531580278196047,
            0.009033649606746776
        ]
    },
    "train_oa": {
        "type": "index_value",
        "index": [
            10,
            20,
            30,
            40,
            50,
            60,
            70
        ],
        "value": [
            77.00155245065424,
            84.8229466991942,
            92.28949508390626,
            92.87351223478967,
            82.4573076070082,
            94.07111702520884,
            95.08390626155098
        ]
    },
    "train_aa": {
        "type": "index_value",
        "index": [
            10,
            20,
            30,
            40,
            50,
            60,
            70
        ],
        "value": [
            75.16046771731885,
            84.72657920648398,
            92.02601500142411,
            92.13995260757746,
            82.09768829635351,
            93.8790447509285,
            94.43545283176769
        ]
    },
    "train_kappa": {
        "type": "index_value",
        "index": [
            10,
            20,
            30,
            40,
            50,
            60,
            70
        ],
        "value": [
            75.09072375467727,
            83.58104199290639,
            91.66043080380459,
            92.29044772442883,
            81.0096029864236,
            93.58886444377134,
            94.68305537808018
        ]
    },
    "param": {
        "data": {
            "data_sign": "Houston",
            "diffusion_sign": false,
            "patch_size": 9,
            "test_ratio": 0.9,
            "batch_size": 512,
            "num_classes": 15,
            "pca": 0,
            "spectral_size": 144
        },
        "net": {
            "trainer": "conv2d"
        },
        "train": {
            "epochs": 70,
            "lr": 0.005,
            "weight_decay": 0
        }
    },
    "eval": {
        "classification": "              precision    recall  f1-score   support\n\n           0     0.9881    0.9547    0.9711      1126\n           1     0.9699    0.9982    0.9838      1129\n           2     1.0000    1.0000    1.0000       627\n           3     0.9691    0.9812    0.9752      1120\n           4     1.0000    0.9919    0.9960      1118\n           5     0.9382    0.8322    0.8820       292\n           6     0.8916    0.9439    0.9170      1141\n           7     0.9056    0.9250    0.9152      1120\n           8     0.9159    0.8793    0.8972      1127\n           9     0.9299    0.9620    0.9457      1104\n          10     0.9584    0.9326    0.9453      1112\n          11     0.9111    0.9514    0.9308      1110\n          12     0.9891    0.8578    0.9188       422\n          13     0.9919    0.9584    0.9749       385\n          14     0.9983    0.9966    0.9975       594\n\n    accuracy                         0.9508     13527\n   macro avg     0.9571    0.9444    0.9500     13527\nweighted avg     0.9516    0.9508    0.9508     13527\n",
        "oa": 95.08390626155098,
        "confusion": "[[1075   16    0   31    0    0    0    4    0    0    0    0    0    0\n     0]\n [   2 1127    0    0    0    0    0    0    0    0    0    0    0    0\n     0]\n [   0    0  627    0    0    0    0    0    0    0    0    0    0    0\n     0]\n [  11    7    0 1099    0    0    2    0    0    0    0    0    0    1\n     0]\n [   0    0    0    0 1109    0    0    2    0    0    0    6    0    0\n     1]\n [   0    1    0    0    0  243   28    7    7    1    5    0    0    0\n     0]\n [   0    8    0    4    0   10 1077   15   20    0    5    0    0    2\n     0]\n [   0    0    0    0    0    5   20 1036   21    5    3   29    1    0\n     0]\n [   0    1    0    0    0    0   38   18  991   36    2   41    0    0\n     0]\n [   0    0    0    0    0    0    6    0    3 1062   30    3    0    0\n     0]\n [   0    0    0    0    0    0    8   13   16   32 1037    5    1    0\n     0]\n [   0    0    0    0    0    1   18   26    7    0    0 1056    2    0\n     0]\n [   0    0    0    0    0    0    4   22    9    6    0   19  362    0\n     0]\n [   0    0    0    0    0    0    7    1    8    0    0    0    0  369\n     0]\n [   0    2    0    0    0    0    0    0    0    0    0    0    0    0\n   592]]",
        "each_acc": "[ 95.47069272  99.82285208 100.          98.125       99.19499106\n  83.21917808  94.39088519  92.5         87.93256433  96.19565217\n  93.25539568  95.13513514  85.78199052  95.84415584  99.66329966]",
        "aa": 94.43545283176769,