{
    "epoch_loss": {
        "type": "index_value",
        "index": [
            1,
            2,
            3,
            4,
            5,
            6,
            7,
            8,
            9,
            10,
            11,
            12,
            13,
            14,
            15,
            16,
            17,
            18,
            19,
            20,
            21,
            22,
            23,
            24,
            25,
            26,
            27,
            28,
            29,
            30,
            31,
            32,
            33,
            34,
            35,
            36,
            37,
            38,
            39,
            40,
            41,
            42,
            43,
            44,
            45,
            46,
            47,
            48,
            49,
            50,
            51,
            52,
            53,
            54,
            55,
            56,
            57,
            58,
            59,
            60,
            61,
            62,
            63,
            64,
            65,
            66,
            67,
            68,
            69,
            70
        ],
        "value": [
            2.8355214297771454,
            2.4563705772161484,
            2.2405506372451782,
            2.0773423239588737,
            1.833382934331894,
            1.5350626856088638,
            1.2231844291090965,
            0.9342871345579624,
            0.7075526602566242,
            0.5630226731300354,
            0.4653304498642683,
            0.39071748964488506,
            0.33969881385564804,
            0.3016295935958624,
            0.2692090477794409,
            0.23681544978171587,
            0.21357822325080633,
            0.1929573598317802,
            0.176603845320642,
            0.16197307920083404,
            0.1501709702424705,
            0.13451319839805365,
            0.12458218447864056,
            0.11647288547828794,
            0.10848494293168187,
            0.09865653282031417,
            0.08996114693582058,
            0.08368930825963616,
            0.07728922693058848,
            0.07178248069249094,
            0.06651782640255988,
            0.06247611157596111,
            0.05851970473304391,
            0.05489964713342488,
            0.051205992698669434,
            0.048044019378721714,
            0.04520416771993041,
            0.042723433463834226,
            0.04030985361896455,
            0.038318948238156736,
            0.03650859766639769,
            0.034536564722657204,
            0.03291283070575446,
            0.031203487771563232,
            0.029751833411864936,
            0.02850464778020978,
            0.02722132031340152,
            0.026044132420793176,
            0.02481744030956179,
            0.02379102271515876,
            0.022766996291466057,
            0.021965910564176738,
            0.021055725985206664,
            0.020368139958009124,
            0.019567072275094688,
            0.018782702856697142,
            0.018129923613741994,
            0.017515054147224873,
            0.016914911509957165,
            0.016315735934767872,
            0.015814694692380726,
            0.015285814355593175,
            0.01478596671950072,
            0.014335627434775233,
            0.013881158025469631,
            0.013476254069246352,
            0.013092346547637135,
            0.012697966012638062,
            0.012329683580901474,
            0.011972985288593918
        ]
    },
    "train_oa": {
        "type": "index_value",
        "index": [
            10,
            20,
            30,
            40,
            50,
            60,
            70
        ],
        "value": [
            89.6260162601626,
            96.21680216802167,
            97.70189701897019,
            97.96205962059621,
            98.22222222222223,
            98.22222222222223,
            98.26558265582655
        ]
    },
    "train_aa": {
        "type": "index_value",
        "index": [
            10,
            20,
            30,
            40,
            50,
            60,
            70
        ],
        "value": [
            63.59365080227886,
            74.88625810909997,
            86.20623493348734,
            92.81072324025597,
            93.84987964198287,
            93.81571760908905,
            94.05946752525921
        ]
    },
    "train_kappa": {
        "type": "index_value",
        "index": [
            10,
            20,
            30,
            40,
            50,
            60,
            70
        ],
        "value": [
            88.12062759853387,
            95.67887257016986,
            97.37767051514112,
            97.67439739899392,
            97.97112436173529,
            97.9711209879065,
            98.02052039070529
        ]
    },
    "param": {
        "data": {
            "data_sign": "Indian",
            "diffusion_sign": true,
            "diffusion_data_sign_path_prefix": "../../data/unet3d_patch16_without_downsample_kernal5_fix/save_feature/t10_2_full.pkl.npy_autoencoder",
            "diffusion_data_sign": "950_0.0027298671.npy",
            "patch_size": 15,
            "test_ratio": 0.9,
            "batch_size": 64,
            "num_classes": 16,
            "pca": 200,
            "spectral_size": 200
        },
        "net": {
            "trainer": "cross_trainer",
            "net_type": "just_pixel",
            "mlp_head_dim": 64,
            "depth": 5,
            "dim": 64,
            "conv3d_kernal_size": [
                3,
                3,
                3
            ],
            "conv3d_padding": [
                2,
                1,
                1
            ]
        },
        "train": {
            "epochs": 70,
            "lr": 0.0002,
            "weight_decay": 0
        }
    },
    "eval": {
        "classification": "                              precision    recall  f1-score   support\n\n                     Alfalfa     0.9762    1.0000    0.9880        41\n                 Corn-notill     0.9918    0.9401    0.9652      1285\n                Corn-mintill     0.9751    0.9973    0.9861       747\n                        Corn     0.9906    0.9906    0.9906       213\n               Grass-pasture     0.9885    0.9839    0.9862       435\n                 Grass-trees     0.9849    0.9924    0.9886       657\n         Grass-pasture-mowed     1.0000    1.0000    1.0000        25\n               Hay-windrowed     1.0000    1.0000    1.0000       430\n                        Oats     1.0000    0.2778    0.4348        18\n              Soybean-notill     0.9818    0.9840    0.9829       875\n             Soybean-mintill     0.9657    0.9950    0.9802      2210\n               Soybean-clean     0.9904    0.9663    0.9782       534\n                       Wheat     1.0000    0.9784    0.9891       185\n                       Woods     0.9939    1.0000    0.9969      1139\nBuildings-Grass-Trees-Drives     0.9942    0.9914    0.9928       347\n          Stone-Steel-Towers     0.9412    0.9524    0.9467        84\n\n                    accuracy                         0.9827      9225\n                   macro avg     0.9859    0.9406    0.9504      9225\n                weighted avg     0.9829    0.9827    0.9822      9225\n",
        "oa": 98.26558265582655,