{
    "epoch_loss": {
        "type": "index_value",
        "index": [
            1,
            2,
            3,
            4,
            5,
            6,
            7,
            8,
            9,
            10,
            11,
            12,
            13,
            14,
            15,
            16,
            17,
            18,
            19,
            20,
            21,
            22,
            23,
            24,
            25,
            26,
            27,
            28,
            29,
            30,
            31,
            32,
            33,
            34,
            35,
            36,
            37,
            38,
            39,
            40,
            41,
            42,
            43,
            44,
            45,
            46,
            47,
            48,
            49,
            50,
            51,
            52,
            53,
            54,
            55,
            56,
            57,
            58,
            59,
            60,
            61,
            62,
            63,
            64,
            65,
            66,
            67,
            68,
            69,
            70
        ],
        "value": [
            1.86422490421247,
            0.9602466455344512,
            0.62394038899353,
            0.48966876734518583,
            0.403870048536331,
            0.37892813257127306,
            0.33751143488625257,
            0.323469210663502,
            0.3003604193788694,
            0.2793002929277126,
            0.2562729684519255,
            0.2689072415302355,
            0.2505481095655261,
            0.21337439677389677,
            0.19724919276888733,
            0.21875766931681906,
            0.18582221862866122,
            0.16352081410342895,
            0.17765642213308444,
            0.1669748418374637,
            0.22452020661868818,
            0.21192715691282327,
            0.15818148063821588,
            0.16117095503994414,
            0.14656050529738696,
            0.11247767339363847,
            0.09093129261282697,
            0.0981498935353098,
            0.07913349289359949,
            0.08181954992776501,
            0.09195507801476765,
            0.08069213143819064,
            0.08336199769163043,
            0.06632791762044209,
            0.045391855120198873,
            0.04336862104367273,
            0.03456918466261216,
            0.02881336138018305,
            0.023855624157653108,
            0.01623980040941649,
            0.02359609447168735,
            0.017381023768931487,
            0.01650413028874946,
            0.030953278547280073,
            0.03242569104520041,
            0.029064552689457297,
            0.018558411598484353,
            0.03074427175538578,
            0.022956915426271,
            0.025301369836674158,
            0.0413991589904166,
            0.03665521416475106,
            0.01798882792373619,
            0.011084614578596167,
            0.01325115210910731,
            0.011096237382831503,
            0.007629918408910313,
            0.007646869829706883,
            0.009930783525541411,
            0.029481276807046805,
            0.01785493157786588,
            0.01904985939707499,
            0.00927741202361136,
            0.00993673690131685,
            0.007180929846950119,
            0.005630341496133883,
            0.0034891762191358294,
            0.006968590765895271,
            0.003955109371612906,
            0.004530436705215943
        ]
    },
    "train_oa": {
        "type": "index_value",
        "index": [
            10,
            20,
            30,
            40,
            50,
            60,
            70
        ],
        "value": [
            81.86672572469118,
            76.17500861262857,
            89.14808799645651,
            91.79093459323786,
            85.80146660760865,
            84.45051429696343,
            93.74969240612235
        ]
    },
    "train_aa": {
        "type": "index_value",
        "index": [
            10,
            20,
            30,
            40,
            50,
            60,
            70
        ],
        "value": [
            76.51395886025864,
            63.3300451927129,
            85.30881284098619,
            92.55852606164727,
            82.89030488373747,
            79.0602525765379,
            91.71686600927154
        ]
    },
    "train_kappa": {
        "type": "index_value",
        "index": [
            10,
            20,
            30,
            40,
            50,
            60,
            70
        ],
        "value": [
            75.13527393774375,
            67.9387483721855,
            85.24095354820912,
            89.32752768201993,
            80.29182589195268,
            78.53726089040167,
            91.59447479712911
        ]
    },
    "param": {
        "data": {
            "data_sign": "Pavia",
            "diffusion_sign": false,
            "patch_size": 9,
            "test_ratio": 0.95,
            "batch_size": 512,
            "num_classes": 9,
            "pca": 0,
            "spectral_size": 103
        },
        "net": {
            "trainer": "conv2d"
        },
        "train": {
            "epochs": 70,
            "lr": 0.005,
            "weight_decay": 0
        }
    },
    "eval": {
        "classification": "              precision    recall  f1-score   support\n\n           0     0.9588    0.9706    0.9647      6299\n           1     0.9245    0.9964    0.9591     17717\n           2     0.8679    0.8205    0.8435      1994\n           3     0.9608    0.9928    0.9765      2911\n           4     0.9922    0.9992    0.9957      1278\n           5     0.9879    0.7009    0.8200      4778\n           6     0.9301    0.8741    0.9012      1263\n           7     0.9048    0.9099    0.9074      3498\n           8     1.0000    0.9900    0.9950       900\n\n    accuracy                         0.9375     40638\n   macro avg     0.9474    0.9172    0.9292     40638\nweighted avg     0.9394    0.9375    0.9349     40638\n",
        "oa": 93.74969240612235,
        "confusion": "[[ 6114     5    47    11     8     1    72    41     0]\n [    0 17654     0    63     0     0     0     0     0]\n [   34     1  1636     0     0    25     6   292     0]\n [    0    15     0  2890     0     5     0     1     0]\n [    1     0     0     0  1277     0     0     0     0]\n [    0  1409     0    19     0  3349     0     1     0]\n [  147     1     6     3     2     0  1104     0     0]\n [   81    10   196    14     0     9     5  3183     0]\n [    0     0     0     8     0     1     0     0   891]]",
        "each_acc": "[97.06302588 99.64440932 82.04613842 99.27859842 99.92175274 70.09208874\n 87.41092637 90.9948542  99.        ]",
        "aa": 91.71686600927154,
        "kappa": 91.59447479712911
    }
}