{
    "epoch_loss": {
        "type": "index_value",
        "index": [
            1,
            2,
            3,
            4,
            5,
            6,
            7,
            8,
            9,
            10,
            11,
            12,
            13,
            14,
            15,
            16,
            17,
            18,
            19,
            20,
            21,
            22,
            23,
            24,
            25,
            26,
            27,
            28,
            29,
            30,
            31,
            32,
            33,
            34,
            35,
            36,
            37,
            38,
            39,
            40,
            41,
            42,
            43,
            44,
            45,
            46,
            47,
            48,
            49,
            50,
            51,
            52,
            53,
            54,
            55,
            56,
            57,
            58,
            59,
            60,
            61,
            62,
            63,
            64,
            65,
            66,
            67,
            68,
            69,
            70,
            71,
            72,
            73,
            74,
            75,
            76,
            77,
            78,
            79,
            80,
            81,
            82,
            83,
            84,
            85,
            86,
            87,
            88,
            89,
            90,
            91,
            92,
            93,
            94,
            95,
            96,
            97,
            98,
            99,
            100
        ],
        "value": [
            1.4542804183638798,
            0.9214127141253986,
            0.7232736634026073,
            0.641658301605478,
            0.5777820119019197,
            0.5363894908979076,
            0.5115565426222513,
            0.4868030511853403,
            0.46679930869834907,
            0.46438919602988254,
            0.44007460551355576,
            0.4173050316501935,
            0.40091443053465003,
            0.39686973380418,
            0.37952891956767376,
            0.3738542920356604,
            0.36034709173346147,
            0.36208674989090106,
            0.3490589508338996,
            0.3548957156008711,
            0.357159469482272,
            0.33710233522866573,
            0.32860099382775204,
            0.3265429748565488,
            0.3187958356986211,
            0.31431113455315635,
            0.30542507848525513,
            0.30154677313884026,
            0.3039698593241796,
            0.3035559820392848,
            0.3018398675492593,
            0.29422693981870074,
            0.2848708363087853,
            0.2836095100256525,
            0.27422277463497235,
            0.2735294813692737,
            0.2761011310444467,
            0.2883854299030982,
            0.27412808638404085,
            0.26600900307729825,
            0.2511851039303029,
            0.25623599079527287,
            0.2545132230691981,
            0.2498646306311337,
            0.24688868769649258,
            0.24462435943038804,
            0.23757749786156154,
            0.23471690443935966,
            0.2306943925827658,
            0.25840242116444573,
            0.2554626406298496,
            0.2292370616664833,
            0.22600888515934975,
            0.22549159776060462,
            0.23982508665942165,
            0.25744666129880356,
            0.22114575914237072,
            0.2225824649976279,
            0.2258078797438972,
            0.2114385083610483,
            0.20446323432634655,
            0.21010529217149077,
            0.1996508052518593,
            0.20589197894699446,
            0.1991025159802807,
            0.2100334631800094,
            0.20732901534597042,
            0.21543421075654096,
            0.20174425820862724,
            0.19339618594207086,
            0.1944344665565928,
            0.19858613979660317,
            0.19401046886022566,
            0.19472910348113392,
            0.19154329124012207,
            0.18854412160486234,
            0.1879059340320423,
            0.18307250071843167,
            0.18294312858603845,
            0.18470185075105072,
            0.18587910189485862,
            0.18130023389971067,
            0.1828455002760642,
            0.19306295981911212,
            0.17483285777584429,
            0.19174977672836063,
            0.1798528008532368,
            0.17802700892411402,
            0.17310054453875665,
            0.16990314051857386,
            0.1808401566030156,
            0.16931178284873463,
            0.1697304798717026,
            0.1611384107645033,
            0.19094139280388353,
            0.17988072016509032,
            0.16329619572807183,
            0.15538592979493154,
            0.15095781152275145,
            0.15489601299264255
        ]
    },
    "train_oa": {
        "type": "index_value",
        "index": [
            10,
            20,
            30,
            40,
            50,
            60,
            70,
            80,
            90,
            100
        ],
        "value": [
            77.2331315517496,
            84.98449726856636,
            85.28224814213297,
            82.73291008415768,
            83.36040159456665,
            90.09793789064422,
            89.43353511491708,
            84.79748019095427,
            85.85068162803287,
            88.08012205325065
        ]
    },
    "train_aa": {
        "type": "index_value",
        "index": [
            10,
            20,
            30,
            40,
            50,
            60,
            70,
            80,
            90,
            100
        ],
        "value": [
            65.02262660294146,
            79.30712316550658,
            78.29538220631314,
            76.37203799438184,
            86.9546428370509,
            85.02554367823792,
            82.5207036042865,
            75.81752304146625,
            76.24880693164324,
            77.61801144691394
        ]
    },
    "train_kappa": {
        "type": "index_value",
        "index": [
            10,
            20,
            30,
            40,
            50,
            60,
            70,
            80,
            90,
            100
        ],
        "value": [
            68.45976703883827,
            79.94089431367786,
            79.74061482443746,
            76.99618542907231,
            78.83306390285553,
            86.59894433937995,
            85.79183819254243,
            79.14872619563718,
            80.51235834905124,
            83.71546360266433
        ]
    },
    "param": {
        "data": {
            "data_sign": "Pavia",
            "diffusion_sign": false,
            "patch_size": 1,
            "test_ratio": 0.95,
            "batch_size": 512,
            "num_classes": 9,
            "pca": 0,
            "spectral_size": 103,
            "append_dim": true
        },
        "net": {
            "trainer": "conv1d"
        },
        "train": {
            "epochs": 100,
            "lr": 0.001,
            "weight_decay": 0
        }
    },
    "eval": {
        "classification": "              precision    recall  f1-score   support\n\n           0     0.8051    0.9675    0.8789      6299\n           1     0.8839    0.9958    0.9365     17717\n           2     0.8490    0.6600    0.7427      1994\n           3     0.9858    0.7169    0.8302      2911\n           4     0.9976    0.9930    0.9953      1278\n           5     0.9589    0.6976    0.8076      4778\n           6     0.9818    0.0855    0.1573      1263\n           7     0.8268    0.8705    0.8481      3498\n           8     0.9978    0.9989    0.9983       900\n\n    accuracy                         0.8808     40638\n   macro avg     0.9208    0.7762    0.7994     40638\nweighted avg     0.8903    0.8808    0.8667     40638\n",