{
    "epoch_loss": {
        "type": "index_value",
        "index": [
            1,
            2,
            3,
            4,
            5,
            6,
            7,
            8,
            9,
            10,
            11,
            12,
            13,
            14,
            15,
            16,
            17,
            18,
            19,
            20,
            21,
            22,
            23,
            24,
            25,
            26,
            27,
            28,
            29,
            30,
            31,
            32,
            33,
            34,
            35,
            36,
            37,
            38,
            39,
            40,
            41,
            42,
            43,
            44,
            45,
            46,
            47,
            48,
            49,
            50,
            51,
            52,
            53,
            54,
            55,
            56,
            57,
            58,
            59,
            60,
            61,
            62,
            63,
            64,
            65,
            66,
            67,
            68,
            69,
            70,
            71,
            72,
            73,
            74,
            75,
            76,
            77,
            78,
            79,
            80,
            81,
            82,
            83,
            84,
            85,
            86,
            87,
            88,
            89,
            90,
            91,
            92,
            93,
            94,
            95,
            96,
            97,
            98,
            99,
            100
        ],
        "value": [
            9.739462519717952,
            4.4059857006269265,
            1.8781849347731017,
            0.9573993835636564,
            0.6382912874110287,
            0.4733678223208025,
            0.3036839077972273,
            0.20432522824649169,
            0.16457078164709962,
            0.14069753319331704,
            0.11630532590862297,
            0.09616684317031232,
            0.0870874986205846,
            0.07703769934286125,
            0.06179959639223855,
            0.057112031176309926,
            0.05708047800929999,
            0.06208195299662866,
            0.06679206197929784,
            0.06994735478825163,
            0.06131678696990125,
            0.06846457468894623,
            0.09166749350036607,
            0.14281252025860955,
            0.05558319158078467,
            0.02905482874784211,
            0.01977385215851556,
            0.01995463659716779,
            0.01719139842185827,
            0.014953643938228558,
            0.01649672618890277,
            0.019866624947243533,
            0.013137585986179097,
            0.01631930336605329,
            0.011583949366917222,
            0.009450629926778871,
            0.00878381839595296,
            0.010737503359531608,
            0.010661058081270408,
            0.007365091171958967,
            0.007111857039287644,
            0.007318748547142359,
            0.006370688181360043,
            0.005519035273171453,
            0.005327505557000693,
            0.005798568858497604,
            0.007804919193238299,
            0.008036767496310097,
            0.005696885467666377,
            0.00473258745860068,
            0.004302692690200344,
            0.00393955513766999,
            0.0037134912540618646,
            0.003517133066164098,
            0.0034158933860701977,
            0.00391320687312706,
            0.0035030405878693116,
            0.0029747544655400362,
            0.003025763654180561,
            0.0026861179660974373,
            0.002848564136936264,
            0.002453619006357327,
            0.002621842073768872,
            0.002506493631283377,
            0.002265904732771615,
            0.0021656103993237187,
            0.0022186182523834526,
            0.002312954667680335,
            0.0019983846789628436,
            0.001978219236953792,
            0.0019717547111213207,
            0.0024748785265305815,
            0.002140943609810564,
            0.001993428939043904,
            0.0019062621807775368,
            0.0018930925945842847,
            0.002067836360453556,
            0.0017810823762627324,
            0.0018090296334563516,
            0.001546358848552562,
            0.001411425846021612,
            0.0014565078738965338,
            0.0014603052270216249,
            0.0015750367606496064,
            0.0019577652902252646,
            0.0014389197973070983,
            0.0016004452185654774,
            0.0014302831318907237,
            0.0016379726712415091,
            0.0014830144069752577,
            0.0012053752167087651,
            0.0012312186747951428,
            0.0011330654500949677,
            0.0010502257511120767,
            0.0011716890904592426,
            0.0011623528233548092,
            0.0011127269859499776,
            0.0010824588931560293,
            0.0009550326312691761,
            0.001006571364295438
        ]
    },
    "train_oa": {
        "type": "index_value",
        "index": [
            10,
            20,
            30,
            40,
            50,
            60,
            70,
            80,
            90,
            100
        ],
        "value": [
            82.34657217382745,
            92.98932034056794,
            93.41995176927999,
            94.68231704316156,
            94.06712928785865,
            94.29597913283135,
            94.69216004724642,
            94.79797234115853,
            94.93331364732516,
            94.85210886362518
        ]
    },
    "train_aa": {
        "type": "index_value",
        "index": [
            10,
            20,
            30,
            40,
            50,
            60,
            70,
            80,
            90,
            100
        ],
        "value": [
            78.71165122206611,
            90.28367472298106,
            90.28855738637073,
            91.78882951439053,
            90.59404467597665,
            91.21594789658819,
            91.59601322546271,
            91.68153047780899,
            91.87774726446804,
            91.86120976987753
        ]
    },
    "train_kappa": {
        "type": "index_value",
        "index": [
            10,
            20,
            30,
            40,
            50,
            60,
            70,
            80,
            90,
            100
        ],
        "value": [
            76.00184598517691,
            90.73502099163503,
            91.23583808825856,
            92.94775202375268,
            92.10340081111347,
            92.41597947548439,
            92.95370137516935,
            93.09559101956991,
            93.28153163350095,
            93.16742181800586
        ]
    },
    "param": {
        "data": {
            "data_sign": "Pavia",
            "diffusion_sign": false,
            "patch_size": 9,
            "test_ratio": 0.95,
            "batch_size": 512,
            "num_classes": 9,
            "pca": 0,
            "spectral_size": 103,
            "append_dim": true
        },
        "net": {
            "trainer": "conv3d"
        },
        "train": {
            "epochs": 100,
            "lr": 0.001,
            "weight_decay": 0
        }
    },