{
    "param": {
        "data": {
            "if_numpy": true,
            "data_sign": "Pavia",
            "diffusion_sign": false,
            "test_ratio": 0.95,
            "num_classes": 9,
            "pca": 0,
            "spectral_size": 103
        },
        "net": {
            "trainer": "svm",
            "kernel": "rbf",
            "gamma": 0.25,
            "c": 1000
        },
        "train": {
            "epochs": 500,
            "lr": 0.001,
            "weight_decay": 0
        }
    },
    "eval": {
        "classification": "              precision    recall  f1-score   support\n\n           1     0.9307    0.9260    0.9284      6299\n           2     0.9495    0.9789    0.9640     17717\n           3     0.8521    0.7543    0.8002      1994\n           4     0.9589    0.9457    0.9523      2911\n           5     0.9844    0.9867    0.9855      1278\n           6     0.9249    0.8357    0.8781      4778\n           7     0.8809    0.7728    0.8233      1263\n           8     0.8292    0.9160    0.8704      3498\n           9     1.0000    1.0000    1.0000       900\n\n    accuracy                         0.9294     40638\n   macro avg     0.9234    0.9018    0.9113     40638\nweighted avg     0.9293    0.9294    0.9285     40638\n",
        "oa": 92.93518381810128,
        "confusion": "[[ 5833    20    78     1    18    42   129   178     0]\n [    1 17343     1   106     0   264     0     2     0]\n [   31    13  1504     0     0     0     1   445     0]\n [    0   150     0  2753     0     8     0     0     0]\n [    7     2     0     2  1261     3     0     3     0]\n [   18   720     4     9     2  3993     0    32     0]\n [  287     0     0     0     0     0   976     0     0]\n [   90    17   178     0     0     7     2  3204     0]\n [    0     0     0     0     0     0     0     0   900]]",
        "each_acc": "[ 92.60200032  97.88903313  75.42627884  94.57231192  98.66979656\n  83.5705316   77.27632621  91.59519726 100.        ]",
        "aa": 90.17794175885128,
        "kappa": 90.57962607376379
    }
}