{
    "epoch_loss": {
        "type": "index_value",
        "index": [
            1,
            2,
            3,
            4,
            5,
            6,
            7,
            8,
            9,
            10,
            11,
            12,
            13,
            14,
            15,
            16,
            17,
            18,
            19,
            20,
            21,
            22,
            23,
            24,
            25,
            26,
            27,
            28,
            29,
            30,
            31,
            32,
            33,
            34,
            35,
            36,
            37,
            38,
            39,
            40,
            41,
            42,
            43,
            44,
            45,
            46,
            47,
            48,
            49,
            50
        ],
        "value": [
            2.445368990302086,
            1.5634904280304909,
            0.7538776583969593,
            0.4052151497453451,
            0.2474077632650733,
            0.17258452670648694,
            0.12637228844687343,
            0.0851362687535584,
            0.06318144011311233,
            0.04583525471389294,
            0.03488437691703439,
            0.02803087141364813,
            0.022616978618316352,
            0.018979639280587435,
            0.01597039814805612,
            0.013919860008172691,
            0.012297648936510086,
            0.010822308191563934,
            0.009647910890635103,
            0.008729837805731222,
            0.007914988469565287,
            0.0071995994076132774,
            0.006601215980481356,
            0.006080002756789327,
            0.005609536747215316,
            0.005212813208345324,
            0.004851053483434953,
            0.004531442871666513,
            0.004236925218719989,
            0.003975665997131728,
            0.003742287546629086,
            0.0035251858935225755,
            0.003327335914946161,
            0.0031423423206433654,
            0.0029807981627527624,
            0.002832488447893411,
            0.0026900189404841512,
            0.0025645563218859024,
            0.0024427824828308076,
            0.0023296669096453115,
            0.002228811434179079,
            0.002133591136953328,
            0.00204325975937536,
            0.0019592408498283476,
            0.0018783847408485599,
            0.0018048182828351855,
            0.0017348956171190366,
            0.0016703112560207956,
            0.0016084206363302656,
            0.0015500391455134377
        ]
    },
    "train_oa": {
        "type": "index_value",
        "index": [
            10,
            20,
            30,
            40,
            50
        ],
        "value": [
            97.39837398373984,
            97.4308943089431,
            97.37669376693768,
            97.24661246612466,
            97.15989159891599
        ]
    },
    "train_aa": {
        "type": "index_value",
        "index": [
            10,
            20,
            30,
            40,
            50
        ],
        "value": [
            86.45332221529596,
            89.73824623525446,
            88.02011571549421,
            87.44741312829562,
            86.63357328786748
        ]
    },
    "train_kappa": {
        "type": "index_value",
        "index": [
            10,
            20,
            30,
            40,
            50
        ],
        "value": [
            97.03152782918526,
            97.06913334420784,
            97.00609940610947,
            96.85672775559898,
            96.75716914571925
        ]
    },
    "param": {
        "data": {
            "data_sign": "Indian",
            "diffusion_sign": false,
            "diffusion_data_sign_path_prefix": "../../data/unet3d_patch16_without_downsample_kernal5_fix/save_feature",
            "diffusion_data_sign": "t100_2_full.pkl.npy",
            "patch_size": 9,
            "test_ratio": 0.9,
            "batch_size": 64,
            "num_classes": 16,
            "pca": 200,
            "spectral_size": 200
        },
        "net": {
            "trainer": "cross_trainer",
            "net_type": "just_pixel",
            "mlp_head_dim": 64,
            "depth": 5,
            "dim": 64,
            "conv3d_kernal_size": [
                3,
                3,
                3
            ],
            "conv3d_padding": [
                2,
                1,
                1
            ]
        },
        "train": {
            "epochs": 50,
            "lr": 0.001,
            "weight_decay": 0
        }
    },
    "eval": {
        "classification": "                              precision    recall  f1-score   support\n\n                     Alfalfa     1.0000    0.7561    0.8611        41\n                 Corn-notill     0.9887    0.9564    0.9723      1285\n                Corn-mintill     0.9520    0.9826    0.9671       747\n                        Corn     1.0000    0.9671    0.9833       213\n               Grass-pasture     0.9860    0.9724    0.9792       435\n                 Grass-trees     0.9627    0.9833    0.9729       657\n         Grass-pasture-mowed     1.0000    0.3600    0.5294        25\n               Hay-windrowed     0.9817    0.9977    0.9896       430\n                        Oats     1.0000    0.2222    0.3636        18\n              Soybean-notill     0.9555    0.9806    0.9679       875\n             Soybean-mintill     0.9585    0.9819    0.9700      2210\n               Soybean-clean     0.9577    0.9326    0.9450       534\n                       Wheat     1.0000    0.9838    0.9918       185\n                       Woods     0.9887    0.9982    0.9934      1139\nBuildings-Grass-Trees-Drives     0.9941    0.9769    0.9855       347\n          Stone-Steel-Towers     0.9855    0.8095    0.8889        84\n\n                    accuracy                         0.9716      9225\n                   macro avg     0.9819    0.8663    0.8976      9225\n                weighted avg     0.9720    0.9716    0.9706      9225\n",
        "oa": 97.15989159891599,
        "confusion": "[[  31    0    0    0    0    0    0    8    0    1    1    0    0    0\n     0    0]\n [   0 1229    3    0    0    0    0    0    0   10   43    0    0    0\n     0    0]\n [   0    2  734    0    1    0    0    0    0   10    0    0    0    0\n     0    0]\n [   0    1    2  206    0    0    0    0    0    0    1    3    0    0\n     0    0]\n [   0    1    9    0  423    0    0    0    0    0    2    0    0    0\n     0    0]\n [   0    3    0    0    0  646    0    0    0    0    6    0    0    2\n     0    0]\n [   0    0    0    0    4    1    9    0    0    0   10    0    0    1\n     0    0]\n [   0    0    0    0    0    0    0  429    0    0    0    0    0    1\n     0    0]\n [   0    2    5    0    1    3    0    0    4    0    2    1    0    0\n     0    0]\n [   0    4    1    0    0    0    0    0    0  858    9    0    0    3\n     0    0]\n [   0    1    0    0    0   14    0    0    0   19 2170    0    0    4\n     2    0]\n [   0    0   16    0    0    7    0    0    0    0   12  498    0    0\n     0    1]\n [   0    0    1    0    0    0    0    0    0    0    2    0  182    0\n     0    0]\n [   0    0    0    0    0    0    0    0    0    0    2    0    0 1137\n     0    0]\n [   0    0    0    0    0    0    0    0    0    0    4    2    0    2\n   339    0]\n [   0    0    0    0    0    0    0    0    0    0    0   16    0    0\n     0   68]]",
        "each_acc": "[75.6097561  95.64202335 98.25970549 96.71361502 97.24137931 98.32572298\n 36.         99.76744186 22.22222222 98.05714286 98.19004525 93.25842697\n 98.37837838 99.82440737 97.6945245  80.95238095]",
        "aa": 86.63357328786748,
        "kappa": 96.75716914571925
    }
}